{
    "name": "root",
    "gauges": {
        "jump.Policy.Entropy.mean": {
            "value": 0.0742887482047081,
            "min": 0.05979080870747566,
            "max": 0.13962864875793457,
            "count": 1510
        },
        "jump.Policy.ExtrinsicValueEstimate.mean": {
            "value": 3.752842903137207,
            "min": 3.4539544582366943,
            "max": 3.9632411003112793,
            "count": 1510
        },
        "jump.Losses.ValueLoss.mean": {
            "value": 0.4839605689048767,
            "min": 0.22692887485027313,
            "max": 0.7286229729652405,
            "count": 1510
        },
        "jump.Losses.PolicyLoss.mean": {
            "value": 0.039735108613967896,
            "min": 0.034711480140686035,
            "max": 0.05842634290456772,
            "count": 1510
        },
        "jump.Policy.LearningRate.mean": {
            "value": 0.0002005171263590455,
            "min": 0.0002005171263590455,
            "max": 0.00025080901104956865,
            "count": 1510
        },
        "jump.Policy.Epsilon.mean": {
            "value": 0.13341951370239258,
            "min": 0.13341951370239258,
            "max": 0.14180149137973785,
            "count": 1510
        },
        "jump.Policy.Beta.mean": {
            "value": 0.0006717064534313977,
            "min": 0.0006717064534313977,
            "max": 0.0008376697078347206,
            "count": 1510
        },
        "jump.IsTraining.mean": {
            "value": 1.0,
            "min": 1.0,
            "max": 1.0,
            "count": 1510
        },
        "jump.Environment.EpisodeLength.mean": {
            "value": 1799.0,
            "min": 1799.0,
            "max": 1799.0,
            "count": 1198
        },
        "jump.Environment.CumulativeReward.mean": {
            "value": 57.0,
            "min": 36.42857142857143,
            "max": 71.85714285714286,
            "count": 1198
        },
        "jump.Policy.ExtrinsicReward.mean": {
            "value": 57.0,
            "min": 36.42857142857143,
            "max": 71.85714285714286,
            "count": 1198
        }
    },
    "metadata": {
        "timer_format_version": "0.1.0",
        "start_time_seconds": "1604671308",
        "python_version": "3.8.5 (default, Sep  3 2020, 21:29:08) [MSC v.1916 64 bit (AMD64)]",
        "command_line_arguments": "C:\\Users\\Sibel\\anaconda3\\envs\\unity_rl\\Scripts\\mlagents-learn penJump.yaml --run-id transformtracker00 --resume",
        "mlagents_version": "0.21.0",
        "mlagents_envs_version": "0.21.0",
        "communication_protocol_version": "1.2.0",
        "tensorflow_version": "2.3.1",
        "numpy_version": "1.18.5",
        "end_time_seconds": "1604718021"
    },
    "total": 46713.1180216,
    "count": 1,
    "self": 0.0045672000051126815,
    "children": {
        "run_training.setup": {
            "total": 0.010666400000000076,
            "count": 1,
            "self": 0.010666400000000076
        },
        "TrainerController.start_learning": {
            "total": 46713.102788,
            "count": 1,
            "self": 42.27726639594039,
            "children": {
                "TrainerController._reset_env": {
                    "total": 11.9094153,
                    "count": 1,
                    "self": 11.9094153
                },
                "TrainerController.advance": {
                    "total": 46656.49926230406,
                    "count": 2157964,
                    "self": 21.47649840082886,
                    "children": {
                        "env_step": {
                            "total": 46635.02276390323,
                            "count": 2157964,
                            "self": 45123.46123030031,
                            "children": {
                                "SubprocessEnvManager._take_step": {
                                    "total": 1486.6092732005072,
                                    "count": 2157964,
                                    "self": 46.709722298414135,
                                    "children": {
                                        "TFPolicy.evaluate": {
                                            "total": 1439.899550902093,
                                            "count": 2157964,
                                            "self": 1439.899550902093
                                        }
                                    }
                                },
                                "workers": {
                                    "total": 24.952260402414872,
                                    "count": 2157963,
                                    "self": 0.0,
                                    "children": {
                                        "worker_root": {
                                            "total": 46648.380718798624,
                                            "count": 2157963,
                                            "is_parallel": true,
                                            "self": 3682.4303396987743,
                                            "children": {
                                                "steps_from_proto": {
                                                    "total": 0.0008562999999988108,
                                                    "count": 1,
                                                    "is_parallel": true,
                                                    "self": 0.00018329999999799895,
                                                    "children": {
                                                        "_process_vector_observation": {
                                                            "total": 0.0006730000000008118,
                                                            "count": 4,
                                                            "is_parallel": true,
                                                            "self": 0.0006730000000008118
                                                        }
                                                    }
                                                },
                                                "UnityEnvironment.step": {
                                                    "total": 42965.94952279985,
                                                    "count": 2157963,
                                                    "is_parallel": true,
                                                    "self": 145.8665095021206,
                                                    "children": {
                                                        "UnityEnvironment._generate_step_input": {
                                                            "total": 500.64183579949645,
                                                            "count": 2157963,
                                                            "is_parallel": true,
                                                            "self": 500.64183579949645
                                                        },
                                                        "communicator.exchange": {
                                                            "total": 40782.3764370948,
                                                            "count": 2157963,
                                                            "is_parallel": true,
                                                            "self": 40782.3764370948
                                                        },
                                                        "steps_from_proto": {
                                                            "total": 1537.06474040343,
                                                            "count": 2157963,
                                                            "is_parallel": true,
                                                            "self": 277.91205130238586,