{"cameraMode":{"drawMode":0,"name":"Shaded","section":"Shading Mode"},"sceneLighting":true,"audioPlay":false,"sceneViewState":{"showFog":true,"showMaterialUpdate":false,"showSkybox":false,"showFlares":true,"showImageEffects":true,"showParticleSystems":true},"in2DMode":false,"pivot":{"x":0.0,"y":0.55543053150177,"z":0.00017446279525756836},"rotation":{"x":0.1155317947268486,"y":0.1011343002319336,"z":-0.011825250461697579,"w":0.9880720376968384},"size":1.0661054849624634,"orthographic":false}