{"count":1,"self":13617.8835456,"total":30756.430329,"children":{"InitializeActuators":{"count":8,"self":0.0019947999999999997,"total":0.0019947999999999997,"children":null},"InitializeSensors":{"count":8,"self":0.0019946,"total":0.0019946,"children":null},"AgentSendState":{"count":19512302,"self":235.79904,"total":846.9596164,"children":{"CollectObservations":{"count":3617981,"self":15.4003888,"total":15.4003883,"children":null},"CollectDiscreteActionMasks":{"count":3617981,"self":16.6753808,"total":16.6753809,"children":null},"RequestDecision":{"count":3617981,"self":51.5770176,"total":579.0848184,"children":{"AgentInfo.ToProto":{"count":3617981,"self":38.873999999999995,"total":527.507801,"children":{"GenerateSensorData":{"count":3617981,"self":95.336281599999992,"total":488.63379979999996,"children":{"RayPerceptionSensor.Perceive":{"count":7235962,"self":393.29751039999996,"total":393.29751669999996,"children":null}}}}}}}}},"DecideAction":{"count":19512302,"self":16144.9852928,"total":16144.984741799999,"children":null},"AgentAct":{"count":19512302,"self":140.6182528,"total":146.5900738,"children":{"AgentInfo.ToProto":{"count":52000,"self":0.5378229,"total":5.9718222999999995,"children":{"GenerateSensorData":{"count":52000,"self":1.2193985999999999,"total":5.4339993999999994,"children":{"RayPerceptionSensor.Perceive":{"count":104000,"self":4.2146007999999995,"total":4.2146007999999995,"children":null}}}}}}},"AgentInfo.ToProto":{"count":43,"self":0,"total":0.0070313999999999993,"children":{"GenerateSensorData":{"count":43,"self":0,"total":0.0070313999999999993,"children":{"RayPerceptionSensor.Perceive":{"count":86,"self":0.0070313999999999993,"total":0.0070313999999999993,"children":null}}}}}},"gauges":{"jump.CumulativeReward":{"count":52043,"max":27.559988,"min":-19.2,"runningAverage":2.920535,"value":5.959997,"weightedAverage":4.313663}},"metadata":{"timer_format_version":"0.1.0","start_time_seconds":"1603868925","unity_version":"2019.4.8f1","command_line_arguments":"D:\\unity gamedev\\2019.4.8f1\\Editor\\Unity.exe -projectpath C:\/Users\/Sibel\/Documents\/GitHub\/Penguin runner -useHub -hubIPC -cloudEnvironment production -hubSessionId 2955a2e0-183a-11eb-9242-59c0689236a7 -accessToken idUJbbsb2HaWgXdDqhhuucrBTUqmGe_GJwiLDrk_ndQ002f","communication_protocol_version":"1.1.0","com.unity.ml-agents_version":"1.4.0-preview","scene_name":"","end_time_seconds":"1603899681"}}