{"count":1,"self":1434.0775936,"total":17148.2714978,"children":{"InitializeActuators":{"count":64,"self":0.0019944,"total":0.0019944,"children":null},"InitializeSensors":{"count":64,"self":0.0029923,"total":0.0029923,"children":null},"AgentSendState":{"count":631834,"self":241.4518784,"total":4412.2344703,"children":{"CollectObservations":{"count":8087488,"self":44.950156799999995,"total":44.950156799999995,"children":null},"CollectDiscreteActionMasks":{"count":8087488,"self":43.7598656,"total":43.7598643,"children":null},"RequestDecision":{"count":8087488,"self":127.7313152,"total":4082.0725663,"children":{"AgentInfo.ToProto":{"count":8087488,"self":122.63839999999999,"total":3954.3412473999997,"children":{"GenerateSensorData":{"count":8087488,"self":3505.7287168,"total":3831.7028492,"children":{"RayPerceptionSensor.Perceive":{"count":8087488,"self":325.9743488,"total":325.97433689999997,"children":null}}}}}}}}},"DecideAction":{"count":631834,"self":11081.7001472,"total":11081.700395599999,"children":null},"AgentAct":{"count":631834,"self":213.4248448,"total":220.2530196,"children":{"AgentInfo.ToProto":{"count":13440,"self":0.2581672,"total":6.8281684999999994,"children":{"GenerateSensorData":{"count":13440,"self":5.9972936,"total":6.5700012999999995,"children":{"RayPerceptionSensor.Perceive":{"count":13440,"self":0.5727076,"total":0.5727076,"children":null}}}}}}}},"gauges":{"jump.CumulativeReward":{"count":13440,"max":48,"min":-103,"runningAverage":12.3176146,"value":15,"weightedAverage":16.01022}},"metadata":{"timer_format_version":"0.1.0","start_time_seconds":"1604584128","unity_version":"2019.4.8f1","command_line_arguments":"D:\\unity gamedev\\2019.4.8f1\\Editor\\Unity.exe -projectpath C:\/Users\/Sibel\/Documents\/GitHub\/Penguin runner -useHub -hubIPC -cloudEnvironment production -hubSessionId df112310-1f02-11eb-b4bb-475ac8378717 -accessToken CtTyxtGEaZXXovOKnkbv7jGcs7TEcDbdwz2SDFqVwp4002f","communication_protocol_version":"1.1.0","com.unity.ml-agents_version":"1.4.0-preview","scene_name":"ts","end_time_seconds":"1604601276"}}